{"code":"SL","name":"Sơn La","districts":[{"code":"BACYEN","name":"Bắc Yên","pre":"Huyện","wards":[{"code":"BACYEN","name":"Bắc Yên","pre":"Thị trấn"},{"code":"CHIENGSAI","name":"Chiềng Sại","pre":"Xã"},{"code":"CHIMVAN","name":"Chim Vàn","pre":"Xã"},{"code":"HANGCHU","name":"Hang Chú","pre":"Xã"},{"code":"HANGDONG","name":"Háng Đồng","pre":"Xã"},{"code":"HONGNGAI","name":"Hồng Ngài","pre":"Xã"},{"code":"HUANHAN","name":"Hua Nhàn","pre":"Xã"},{"code":"LANGCHEU","name":"Làng Chếu","pre":"Xã"},{"code":"MUONGKHOA","name":"Mường Khoa","pre":"Xã"},{"code":"PACNGA","name":"Pắc Ngà","pre":"Xã"},{"code":"PHIENGBAN","name":"Phiêng Ban","pre":"Xã"},{"code":"PHIENGCON","name":"Phiêng Côn","pre":"Xã"},{"code":"SONGPE","name":"Song Pe","pre":"Xã"},{"code":"TAKHOA","name":"Tạ Khoa","pre":"Xã"},{"code":"TAXUA","name":"Tà Xùa","pre":"Xã"},{"code":"XIMVANG","name":"Xím Vàng","pre":"Xã"}]},{"code":"MAISON","name":"Mai Sơn","pre":"Huyện","wards":[{"code":"CHIENGBAN","name":"Chiềng Ban","pre":"Xã"},{"code":"CHIENGCHAN","name":"Chiềng Chăn","pre":"Xã"},{"code":"CHIENGCHUNG","name":"Chiềng Chung","pre":"Xã"},{"code":"CHIENGDONG","name":"Chiềng Dong","pre":"Xã"},{"code":"CHIENGKHEO","name":"Chiềng Kheo","pre":"Xã"},{"code":"CHIENGLUONG","name":"Chiềng Lương","pre":"Xã"},{"code":"CHIENGMAI","name":"Chiềng Mai","pre":"Xã"},{"code":"CHIENGMUNG","name":"Chiềng Mung","pre":"Xã"},{"code":"CHIENGNOI","name":"Chiềng Nơi","pre":"Xã"},{"code":"CHIENGSUNG","name":"Chiềng Sung","pre":"Xã"},{"code":"CHIENGVE","name":"Chiềng Ve","pre":"Xã"},{"code":"CONOI","name":"Cò Nòi","pre":"Xã"},{"code":"HATLOT","name":"Hát Lót","pre":"Thị trấn"},{"code":"MUONGBANG","name":"Mường Bằng","pre":"Xã"},{"code":"MUONGBON","name":"Mường Bon","pre":"Xã"},{"code":"MUONGTRANH","name":"Mường Tranh","pre":"Xã"},{"code":"NABO","name":"Nà Bó","pre":"Xã"},{"code":"NAOT","name":"Nà Ớt","pre":"Xã"},{"code":"PHIENGCAM","name":"Phiêng Cằm","pre":"Xã"},{"code":"PHIENGPAN","name":"Phiêng Pằn","pre":"Xã"},{"code":"TAHOC","name":"Tà Hộc","pre":"Xã"},{"code":"XAHATLOT","name":"Xã Hát Lót","pre":"Xã"}]},{"code":"MOCCHAU","name":"Mộc Châu","pre":"Huyện","wards":[{"code":"CHIENGHAC","name":"Chiềng Hắc","pre":"Xã"},{"code":"CHIENGKHUA","name":"Chiềng Khừa","pre":"Xã"},{"code":"CHIENGSON","name":"Chiềng Sơn","pre":"Xã"},{"code":"DONGSANG","name":"Đông Sang","pre":"Xã"},{"code":"HUAPANG","name":"Hua Păng","pre":"Xã"},{"code":"LONGSAP","name":"Lóng Sập","pre":"Xã"},{"code":"MOCCHAU","name":"Mộc Châu","pre":"Thị trấn"},{"code":"MUONGSANG","name":"Mường Sang","pre":"Xã"},{"code":"NAMUONG","name":"Nà Mường","pre":"Xã"},{"code":"NONGTRUONGMOCCHAU","name":"Nông trường Mộc Châu","pre":"Thị trấn"},{"code":"PHIENGLUONG","name":"Phiêng Luông","pre":"Xã"},{"code":"QUYHUONG","name":"Quy Hướng","pre":"Xã"},{"code":"TALAI","name":"Tà Lại","pre":"Xã"},{"code":"TANHOP","name":"Tân Hợp","pre":"Xã"},{"code":"TANLAP","name":"Tân Lập","pre":"Xã"}]},{"code":"MUONGLA","name":"Mường La","pre":"Huyện","wards":[{"code":"CHIENGAN","name":"Chiềng Ân","pre":"Xã"},{"code":"CHIENGCONG","name":"Chiềng Công","pre":"Xã"},{"code":"CHIENGHOA","name":"Chiềng Hoa","pre":"Xã"},{"code":"CHIENGLAO","name":"Chiềng Lao","pre":"Xã"},{"code":"CHIENGMUON","name":"Chiềng Muôn","pre":"Xã"},{"code":"CHIENGSAN","name":"Chiềng San","pre":"Xã"},{"code":"HUATRAI","name":"Hua Trai","pre":"Xã"},{"code":"ITONG","name":"Ít Ong","pre":"Thị trấn"},{"code":"MUONGBU","name":"Mường Bú","pre":"Xã"},{"code":"MUONGCHUM","name":"Mường Chùm","pre":"Xã"},{"code":"MUONGTRAI","name":"Mường Trai","pre":"Xã"},{"code":"NAMGION","name":"Nậm Giôn","pre":"Xã"},{"code":"NAMPAM","name":"Nậm Păm","pre":"Xã"},{"code":"NGOCCHIEN","name":"Ngọc Chiến","pre":"Xã"},{"code":"PITOONG","name":"Pi Toong","pre":"Xã"},{"code":"TABU","name":"Tạ Bú","pre":"Xã"}]},{"code":"PHUYEN","name":"Phù Yên","pre":"Huyện","wards":[{"code":"BACPHONG","name":"Bắc Phong","pre":"Xã"},{"code":"DADO","name":"Đá Đỏ","pre":"Xã"},{"code":"GIAPHU","name":"Gia Phù","pre":"Xã"},{"code":"HUYBAC","name":"Huy Bắc","pre":"Xã"},{"code":"HUYHA","name":"Huy Hạ","pre":"Xã"},{"code":"HUYTAN","name":"Huy Tân","pre":"Xã"},{"code":"HUYTHUONG","name":"Huy Thượng","pre":"Xã"},{"code":"HUYTUONG","name":"Huy Tường","pre":"Xã"},{"code":"KIMBON","name":"Kim Bon","pre":"Xã"},{"code":"MUONGBANG","name":"Mường Bang","pre":"Xã"},{"code":"MUONGCOI","name":"Mường Cơi","pre":"Xã"},{"code":"MUONGDO","name":"Mường Do","pre":"Xã"},{"code":"MUONGLANG","name":"Mường Lang","pre":"Xã"},{"code":"MUONGTHAI","name":"Mường Thải","pre":"Xã"},{"code":"NAMPHONG","name":"Nam Phong","pre":"Xã"},{"code":"PHUYEN","name":"Phù Yên","pre":"Thị trấn"},{"code":"QUANGHUY","name":"Quang Huy","pre":"Xã"},{"code":"SAPSA","name":"Sập Sa","pre":"Xã"},{"code":"SUOIBAU","name":"Suối Bau","pre":"Xã"},{"code":"SUOITO","name":"Suối Tọ","pre":"Xã"},{"code":"TANLANG","name":"Tân Lang","pre":"Xã"},{"code":"TANPHONG","name":"Tân Phong","pre":"Xã"},{"code":"TUONGHA","name":"Tường Hạ","pre":"Xã"},{"code":"TUONGPHONG","name":"Tường Phong","pre":"Xã"},{"code":"TUONGPHU","name":"Tường Phù","pre":"Xã"},{"code":"TUONGTHUONG","name":"Tường Thượng","pre":"Xã"},{"code":"TUONGTIEN","name":"Tường Tiến","pre":"Xã"}]},{"code":"QUYNHNHAI","name":"Quỳnh Nhai","pre":"Huyện","wards":[{"code":"CANANG","name":"Cà Nàng","pre":"Xã"},{"code":"CHIENGBANG","name":"Chiềng Bằng","pre":"Xã"},{"code":"CHIENGKHAY","name":"Chiềng Khay","pre":"Xã"},{"code":"CHIENGKHOANG","name":"Chiềng Khoang","pre":"Xã"},{"code":"CHIENGON","name":"Chiềng Ơn","pre":"Xã"},{"code":"MUONGCHIEN","name":"Mường Chiên","pre":"Xã"},{"code":"MUONGGIANG","name":"Mường Giàng","pre":"Xã"},{"code":"MUONGGION","name":"Mường Giôn","pre":"Xã"},{"code":"MUONGSAI","name":"Mường Sại","pre":"Xã"},{"code":"NAMET","name":"Nậm Ét","pre":"Xã"},{"code":"PAMAPHAKHINH","name":"Pá Ma Pha Khinh","pre":"Xã"}]},{"code":"SONLA","name":"Sơn La","pre":"Thành phố","wards":[{"code":"CHIENGAN","name":"Chiềng An","pre":"Phường"},{"code":"CHIENGCO","name":"Chiềng Cọ","pre":"Xã"},{"code":"CHIENGCOI","name":"Chiềng Cơi","pre":"Phường"},{"code":"CHIENGDEN","name":"Chiềng Đen","pre":"Xã"},{"code":"CHIENGLE","name":"Chiềng Lề","pre":"Phường"},{"code":"CHIENGNGAN","name":"Chiềng Ngần","pre":"Xã"},{"code":"CHIENGSINH","name":"Chiềng Sinh","pre":"Phường"},{"code":"CHIENGXOM","name":"Chiềng Xôm","pre":"Xã"},{"code":"HUALA","name":"Hua La","pre":"Xã"},{"code":"QUYETTAM","name":"Quyết Tâm","pre":"Phường"},{"code":"QUYETTHANG","name":"Quyết Thắng","pre":"Phường"},{"code":"TOHIEU","name":"Tô Hiệu","pre":"Phường"}]},{"code":"SONGMA","name":"Sông Mã","pre":"Huyện","wards":[{"code":"BOSINH","name":"Bó Sinh","pre":"Xã"},{"code":"CHIENGCANG","name":"Chiềng Cang","pre":"Xã"},{"code":"CHIENGEN","name":"Chiềng En","pre":"Xã"},{"code":"CHIENGKHOONG","name":"Chiềng Khoong","pre":"Xã"},{"code":"CHIENGKHUONG","name":"Chiềng Khương","pre":"Xã"},{"code":"CHIENGPHUNG","name":"Chiềng Phung","pre":"Xã"},{"code":"CHIENGSO","name":"Chiềng Sơ","pre":"Xã"},{"code":"DUAMON","name":"Đứa Mòn","pre":"Xã"},{"code":"HUOIMOT","name":"Huổi Một","pre":"Xã"},{"code":"MUONGCAI","name":"Mường Cai","pre":"Xã"},{"code":"MUONGHUNG","name":"Mường Hung","pre":"Xã"},{"code":"MUONGLAM","name":"Mường Lầm","pre":"Xã"},{"code":"MUONGSAI","name":"Mường Sai","pre":"Xã"},{"code":"NANGHIU","name":"Nà Nghịu","pre":"Xã"},{"code":"NAMMAN","name":"Nậm Mằn","pre":"Xã"},{"code":"NAMTY","name":"Nậm Ty","pre":"Xã"},{"code":"PUPAU","name":"Pú Pẩu","pre":"Xã"},{"code":"SONGMA","name":"Sông Mã","pre":"Thị trấn"},{"code":"YENHUNG","name":"Yên Hưng","pre":"Xã"}]},{"code":"SOPCOP","name":"Sốp Cộp","pre":"Huyện","wards":[{"code":"DOMCANG","name":"Dồm Cang","pre":"Xã"},{"code":"MUONGLAN","name":"Mường Lạn","pre":"Xã"},{"code":"MUONGLEO","name":"Mường Lèo","pre":"Xã"},{"code":"MUONGVA","name":"Mường Và","pre":"Xã"},{"code":"NAMLANH","name":"Nậm Lạnh","pre":"Xã"},{"code":"PUNGBANH","name":"Púng Bánh","pre":"Xã"},{"code":"SAMKHA","name":"Sam Kha","pre":"Xã"},{"code":"SOPCOP","name":"Sốp Cộp","pre":"Xã"}]},{"code":"THUANCHAU","name":"Thuận Châu","pre":"Huyện","wards":[{"code":"BANLAM","name":"Bản Lầm","pre":"Xã"},{"code":"BOMUOI","name":"Bó Mười","pre":"Xã"},{"code":"BONPHANG","name":"Bon Phặng","pre":"Xã"},{"code":"CHIENGBOM","name":"Chiềng Bôm","pre":"Xã"},{"code":"CHIENGLA","name":"Chiềng La","pre":"Xã"},{"code":"CHIENGLY","name":"Chiềng Ly","pre":"Xã"},{"code":"CHIENGNGAM","name":"Chiềng Ngàm","pre":"Xã"},{"code":"CHIENGPAC","name":"Chiềng Pấc","pre":"Xã"},{"code":"CHIENGPHA","name":"Chiềng Pha","pre":"Xã"},{"code":"COMA","name":"Co Mạ","pre":"Xã"},{"code":"COTONG","name":"Co Tòng","pre":"Xã"},{"code":"ETONG","name":"É Tòng","pre":"Xã"},{"code":"LIEPTE","name":"Liệp Tè","pre":"Xã"},{"code":"LONGHE","name":"Long Hẹ","pre":"Xã"},{"code":"MUOINOI","name":"Muổi Nọi","pre":"Xã"},{"code":"MUONGBAM","name":"Mường Bám","pre":"Xã"},{"code":"MUONGE","name":"Mường É","pre":"Xã"},{"code":"MUONGKHIENG","name":"Mường Khiêng","pre":"Xã"},{"code":"NAMLAU","name":"Nậm Lầu","pre":"Xã"},{"code":"NONGLAY","name":"Nong Lay","pre":"Xã"},{"code":"PALONG","name":"Pá Lông","pre":"Xã"},{"code":"PHONGLAI","name":"Phổng Lái","pre":"Xã"},{"code":"PHONGLANG","name":"Phổng Lặng","pre":"Xã"},{"code":"PHONGLAP","name":"Phỏng Lập","pre":"Xã"},{"code":"PUNGTRA","name":"Púng Tra","pre":"Xã"},{"code":"THOMMON","name":"Thôm Mòn","pre":"Xã"},{"code":"THUANCHAU","name":"Thuận Châu","pre":"Thị trấn"},{"code":"TONGCO","name":"Tông Cọ","pre":"Xã"},{"code":"TONGLENH","name":"Tông Lệnh","pre":"Xã"}]},{"code":"VANHO","name":"Vân Hồ","pre":"Huyện","wards":[{"code":"CHIENGKHOA","name":"Chiềng Khoa","pre":"Xã"},{"code":"CHIENGXUAN","name":"Chiềng Xuân","pre":"Xã"},{"code":"CHIENGYEN","name":"Chiềng Yên","pre":"Xã"},{"code":"LIENHOA","name":"Liên Hòa","pre":"Xã"},{"code":"LONGLUONG","name":"Lóng Luông","pre":"Xã"},{"code":"MUONGMEN","name":"Mường Men","pre":"Xã"},{"code":"MUONGTE","name":"Mường Tè","pre":"Xã"},{"code":"QUANGMINH","name":"Quang Minh","pre":"Xã"},{"code":"SONGKHUA","name":"Song Khủa","pre":"Xã"},{"code":"SUOIBANG","name":"Suối Bảng","pre":"Xã"},{"code":"TANXUAN","name":"Tân Xuân","pre":"Xã"},{"code":"TOMUA","name":"Tô Múa","pre":"Xã"},{"code":"VANHO","name":"Vân Hồ","pre":"Xã"},{"code":"XUANNHA","name":"Xuân Nha","pre":"Xã"}]},{"code":"YENCHAU","name":"Yên Châu","pre":"Huyện","wards":[{"code":"CHIENGDONG","name":"Chiềng Đông","pre":"Xã"},{"code":"CHIENGHAC","name":"Chiềng Hặc","pre":"Xã"},{"code":"CHIENGKHOI","name":"Chiềng Khoi","pre":"Xã"},{"code":"CHIENGON","name":"Chiềng On","pre":"Xã"},{"code":"CHIENGPAN","name":"Chiềng Pằn","pre":"Xã"},{"code":"CHIENGSANG","name":"Chiềng Sàng","pre":"Xã"},{"code":"CHIENGTUONG","name":"Chiềng Tương","pre":"Xã"},{"code":"LONGPHIENG","name":"Lóng Phiêng","pre":"Xã"},{"code":"MUONGLUM","name":"Mường Lựm","pre":"Xã"},{"code":"PHIENGKHOAI","name":"Phiêng Khoài","pre":"Xã"},{"code":"SAPVAT","name":"Sập Vạt","pre":"Xã"},{"code":"TUNANG","name":"Tú Nang","pre":"Xã"},{"code":"VIENGLAN","name":"Viêng Lán","pre":"Xã"},{"code":"YENCHAU","name":"Yên Châu","pre":"Thị trấn"},{"code":"YENSON","name":"Yên Sơn","pre":"Xã"}]}]}